827,Eliza,20.09,10.60,68.10,82.20,36.15,98.73
225,Marisol,23.02,11.25,23.13,83.71,0.53,152.73
15,Kayleigh,25.08,10.24,77.78,48.89,41.44,171.50
82,Kaylani,21.94,10.45,71.87,14.58,34.82,177.64
976,Aranza,22.12,13.11,61.02,61.06,11.50,179.46
537,Kensington,22.96,12.46,14.33,89.05,2.13,184.66
875,Victoria,25.66,10.31,28.03,79.19,28.29,185.65
101,Leia,21.11,10.61,32.59,22.54,21.02,189.81
346,Adaline,22.75,11.63,7.40,84.44,38.72,211.57
822,Vivienne,22.09,13.74,66.61,76.85,53.19,213.21
726,Harlow,27.29,11.04,82.67,74.19,70.41,214.72
26,Gabriella,24.76,13.03,79.06,38.34,13.16,218.47
291,Kamiya,29.57,10.39,76.44,35.45,24.22,219.61
60,Kinsley,28.03,12.37,71.45,85.31,30.48,220.47
903,Emmerson,29.49,10.35,75.64,46.62,38.68,221.67
983,Sarai,20.21,17.27,98.08,28.74,2.82,224.93
994,Kaydence,21.30,14.81,15.30,85.35,12.21,227.02
423,Bryn,22.38,12.84,90.43,42.66,74.25,228.40
874,Karmen,22.53,14.52,80.76,36.11,19.08,229.44
774,Violeta,25.91,10.22,49.25,35.51,54.68,234.79
397,Dalary,27.39,11.60,36.02,72.08,26.73,236.38
130,Naveah,33.31,11.72,79.52,70.53,3.12,243.56
574,Reeva,31.25,11.89,35.80,87.46,3.85,252.31
582,Karlee,20.40,14.87,92.89,49.66,95.74,256.47
211,Lola,29.00,12.07,60.61,66.78,36.31,258.81
137,Marlen,23.48,12.93,92.53,30.61,80.84,261.33
48,Eisley,26.45,10.81,26.39,37.69,39.76,261.56
707,Sandra,21.18,12.28,62.56,6.47,78.08,268.97
484,Giuliana,22.98,11.59,2.20,62.15,78.09,280.22
757,Jasmine,29.99,12.80,78.23,57.88,34.95,282.81
244,Zara,26.42,13.42,49.03,55.32,32.61,282.85
981,Priscilla,20.72,12.71,17.94,40.25,85.29,290.35
802,Daisy,34.04,13.12,92.38,63.98,9.40,299.57
323,Keyla,20.93,19.76,93.47,60.56,43.32,302.82
452,Alia,30.11,12.19,69.65,57.04,66.36,306.63
762,Liam,20.98,11.86,9.91,23.98,96.40,311.30
669,Aniyah,31.47,12.56,51.04,79.41,48.74,313.50
207,Charlotte,37.43,10.84,78.63,43.21,39.40,323.35
34,Marlow,23.61,13.87,3.39,53.82,56.91,327.26
735,Colette,35.92,11.14,16.68,73.13,19.77,330.06
524,Camilla,40.69,11.66,93.26,52.44,4.82,333.56
405,Kassidy,26.16,17.13,87.66,84.90,62.97,338.34
45,Kailyn,20.93,21.42,80.43,63.91,34.95,338.91
616,Adalynn,31.18,11.35,49.82,0.63,35.62,339.09
518,Genesis,35.57,11.75,7.45,78.78,10.64,342.20
273,Charlee,35.93,10.32,3.64,72.86,55.80,350.19
249,Estella,25.40,14.50,6.71,90.54,80.41,351.32
212,Veda,20.49,22.22,40.46,89.90,31.93,356.70
737,Edie,34.19,13.77,91.74,30.33,10.43,359.21
340,Laylani,28.34,14.32,63.63,53.68,74.05,362.46
590,Florence,21.78,17.36,0.39,44.67,32.54,365.64
962,Palmer,35.55,12.53,40.99,99.95,65.06,369.43
262,Kaira,24.56,19.24,22.50,82.36,7.37,374.94
990,Lilli,20.93,19.42,28.25,66.56,64.96,376.76
74,Emersyn,47.38,10.04,82.69,61.51,49.18,380.49
127,Eliora,41.46,10.09,8.35,53.04,28.62,385.40
733,Adriana,36.99,12.41,56.41,88.13,73.21,387.54
118,Maycie,20.77,24.14,50.36,92.29,31.01,389.73
459,Aubriella,23.16,18.07,29.02,16.03,19.67,393.16
107,Kendra,20.60,19.31,55.20,11.67,62.96,393.92
302,Sariyah,46.95,10.59,77.12,35.49,12.66,397.31
102,Regina,46.45,11.12,79.55,56.42,20.68,401.05
29,Genevieve,21.45,22.57,12.03,81.02,11.06,402.08
360,Alejandra,28.38,16.94,76.75,28.25,27.20,402.98
939,Jordan,35.10,11.41,14.88,33.27,57.43,409.75
54,Emerie,27.14,18.55,95.94,79.28,86.49,414.57
314,Rosalind,41.99,11.33,66.66,80.84,92.84,420.94
618,Cecelia,30.85,14.55,91.75,0.80,65.42,421.73
779,Cindy,36.77,12.14,61.74,10.51,49.42,423.65
417,Bree,50.24,10.12,50.35,76.43,42.60,423.98
532,Sloan,47.23,10.69,74.87,60.87,59.02,428.17
317,Aviana,39.91,12.97,90.68,13.25,15.17,428.86
787,Mariana,31.82,14.95,17.86,95.05,66.30,429.15
380,Lyla,27.55,18.64,46.06,71.74,34.94,430.61
801,Lorelei,20.03,24.42,38.11,95.07,75.08,431.15
883,Laura,25.89,20.33,48.65,73.35,26.83,431.17
943,Lexie,38.15,14.46,54.95,67.62,2.75,431.63
489,Ellison,38.24,12.87,87.33,23.36,52.27,433.52
128,Emma,27.09,16.74,38.39,29.27,48.78,434.67
602,Logan,23.07,23.18,84.57,96.14,84.65,438.84
828,Kaelyn,38.39,11.26,39.21,39.26,90.74,444.36
140,Ayana,34.51,15.12,71.25,14.00,9.88,446.58
753,Aleigha,38.12,13.65,38.10,36.22,0.60,446.74
245,Briella,50.18,11.61,97.52,59.59,22.24,447.92
984,Maisie,23.44,17.70,22.97,39.46,98.03,450.31
501,Aislinn,35.02,14.89,54.95,30.00,21.75,458.15
410,Emme,28.20,19.32,90.31,73.09,77.63,459.12
445,Flora,25.84,22.63,97.60,32.27,7.87,462.77
607,Annalise,21.11,24.47,20.46,64.56,33.23,464.72
718,Lisa,20.21,27.43,92.28,4.40,8.62,466.38
339,Jovie,28.82,16.23,0.61,8.66,8.36,466.96
761,Aspyn,32.89,15.11,15.39,49.19,36.42,468.70
194,Trinity,31.62,16.99,55.52,34.36,33.31,480.66
591,Claudia,21.85,24.43,33.70,22.99,6.69,483.69
912,Bria,44.89,10.49,24.13,14.01,51.45,484.34
506,Beatriz,21.72,27.66,89.14,71.48,44.37,484.49
105,Selena,39.27,12.22,14.77,71.46,95.66,489.36
600,Avi,31.00,17.97,89.33,23.67,45.34,489.42
434,Karolina,28.36,17.83,4.68,45.35,40.79,496.31
866,Sonia,49.39,10.50,61.87,26.08,66.25,497.00
421,Kennedi,37.52,15.43,71.04,16.76,6.61,497.93
463,Kynslee,39.61,11.69,13.12,41.36,89.75,498.17
39,Nicole,29.48,14.78,5.18,1.80,69.73,498.32
825,Keiry,50.86,12.18,72.55,64.04,15.98,498.75
91,Bonnie,40.26,15.49,98.24,48.39,27.17,504.01
198,Liviana,25.44,21.49,63.85,21.22,42.55,504.21
683,Nalani,33.02,17.59,75.52,16.15,18.15,507.24
289,Nancy,20.28,22.55,1.28,6.67,58.59,507.80
1000,Gloria,38.44,12.37,0.07,23.21,55.92,508.04
759,Ella,35.30,16.42,39.36,36.96,5.84,509.34
469,Amalia,51.01,10.44,66.62,20.69,71.71,517.11
851,Arielle,41.70,13.22,18.30,43.91,28.32,517.32
65,Nova,36.90,13.93,22.79,1.84,31.72,521.27
647,Jalyn,52.26,11.00,51.42,45.61,45.28,523.03
741,Cassidy,31.97,17.68,1.02,87.48,47.18,524.05
332,Hadassah,41.80,13.26,33.57,52.41,56.36,524.83
59,Aliyah,28.35,21.25,36.99,65.41,29.90,529.97
995,Johanna,37.46,17.79,70.57,98.56,33.13,530.50
248,Nataly,41.27,13.75,53.79,0.77,19.60,532.74
842,Amiah,20.50,27.98,7.07,41.69,12.34,537.09
80,Kataleya,26.57,23.45,8.47,90.74,15.13,539.05
20,Sofia,31.62,18.65,34.55,94.97,79.11,539.50
90,Zaniya,31.98,18.27,57.28,61.98,77.53,542.42
889,Elinor,45.79,12.71,9.58,45.28,15.80,542.81
32,Zora,22.92,29.34,66.13,87.12,36.69,555.96
362,Iris,37.04,14.93,45.99,46.16,98.91,559.61
608,Elleanna,23.83,27.83,33.55,78.60,9.52,560.49
272,Lana,50.87,11.42,53.62,17.41,51.19,560.98
475,Adilene,47.89,12.71,89.66,50.01,92.35,561.47
25,Jazlyn,26.57,19.80,30.56,31.09,99.81,564.18
799,Jaylah,35.93,16.40,27.69,17.39,26.25,570.54
22,Preslee,46.08,12.97,1.79,33.21,9.32,571.98
186,Daphne,36.16,18.62,73.50,39.89,12.10,572.20
681,Freyja,56.06,10.89,30.39,78.93,71.99,573.05
848,Iliana,48.06,13.51,95.20,20.02,39.95,573.86
953,Hannah,22.64,28.21,57.61,57.92,52.30,575.37
765,Daniela,34.51,19.58,16.43,93.11,10.40,576.43
970,Rory,44.14,13.66,34.12,82.44,94.70,580.97
33,Coco,21.07,26.51,48.95,12.82,87.49,584.34
592,Adalyn,27.08,26.58,87.76,61.43,13.99,584.65
184,Zoya,32.25,19.89,28.49,39.76,11.71,584.95
552,Marlie,38.94,15.95,40.07,68.87,73.53,585.83
393,Sara,20.78,27.84,12.24,19.76,41.57,588.04
13,Paityn,34.20,17.97,61.00,52.30,88.86,590.19
372,Sasha,21.01,31.14,15.89,90.23,42.96,590.97
781,Ari,53.87,11.81,44.27,13.52,13.62,591.89
734,Yamila,25.78,23.94,65.75,17.15,58.55,592.99
507,Janelle,20.48,35.68,82.81,82.48,28.39,593.68
350,Sadie,59.41,10.60,8.46,35.06,11.29,597.55
298,Mae,54.86,13.66,84.17,91.58,25.98,599.71
738,Karter,21.37,30.09,12.20,40.12,9.55,600.24
628,Arabella,45.34,13.79,28.59,5.19,9.34,600.73
239,Kashton,26.70,20.36,13.04,20.91,91.41,601.07
297,Emani,23.22,27.12,13.46,45.62,31.47,601.98
335,Remington,49.56,13.26,28.48,92.77,68.68,604.49
337,Emery,21.86,33.55,74.10,82.07,27.64,605.04
583,Amina,23.44,29.64,23.70,81.78,17.07,606.30
846,Kiana,52.26,12.81,39.07,76.31,54.57,608.81
559,Kassandra,39.78,15.64,9.53,8.68,6.41,610.51
378,Natalia,59.81,10.31,5.30,31.24,32.99,612.84
147,Norah,26.43,27.71,75.21,91.99,47.80,613.02
218,Brynn,22.38,31.44,58.28,84.56,53.47,614.41
869,Jennifer,52.42,12.82,82.35,67.24,93.35,615.99
123,Presley,21.09,34.27,44.83,99.18,37.63,616.47
800,Sarina,20.40,36.46,71.92,58.77,4.72,617.59
38,Laylah,37.60,16.19,56.02,31.76,98.38,619.30
913,Alyson,34.31,20.81,75.58,84.02,65.98,620.19
387,Maylee,27.35,24.86,5.23,87.09,33.74,621.50
517,Kamilah,31.01,22.05,4.93,70.12,13.43,622.18
691,Hanna,41.01,17.45,89.30,50.08,46.94,623.29
92,Autumn,24.02,27.67,61.19,57.97,78.16,623.64
833,Estrella,47.50,15.04,69.24,65.68,44.25,623.69
328,Remi,32.35,19.83,67.16,1.60,50.95,623.75
319,Aviva,27.76,24.59,33.59,59.42,36.49,626.00
474,Rose,23.43,26.54,49.47,6.01,60.78,627.29
364,Willow,22.38,31.01,20.52,69.80,25.68,629.39
269,Amani,22.79,29.25,61.98,67.83,93.56,630.32
308,Tinsley,58.72,11.82,81.04,0.57,19.15,631.71
603,Joy,37.74,15.98,31.91,18.75,79.35,631.72
36,Andie,36.81,18.40,86.43,17.67,58.79,631.89
315,Kate,43.87,15.61,79.53,53.00,84.21,636.31
112,Leyla,51.28,11.61,38.84,16.54,98.93,638.79
154,Everlie,26.15,25.82,44.53,83.50,95.96,643.12
327,Emmie,45.17,16.85,56.35,83.72,22.51,643.53
766,Alyssa,44.04,13.09,20.28,2.71,91.47,645.09
812,Zayla,53.50,13.01,70.91,2.94,26.02,648.07
959,Liberty,22.90,29.62,43.88,47.47,62.80,649.75
341,Ariana,52.97,13.10,51.72,78.10,86.48,650.47
960,Alani,46.21,14.71,49.00,20.96,43.33,653.01
356,Sarah,27.93,24.94,75.81,26.41,58.84,653.18
642,Luz,38.48,18.63,78.56,77.89,94.97,655.45
728,Lyra,25.17,26.36,64.64,40.14,97.46,656.12
256,Sophie,21.56,31.03,53.83,0.56,42.62,657.16
876,Elodie,42.90,17.39,80.68,64.28,57.73,658.66
749,Gabrielle,39.84,18.80,87.93,73.55,74.03,661.38
241,Skyler,34.21,22.38,57.04,68.98,23.34,662.84
776,Emily,20.37,35.27,26.56,59.70,36.09,668.15
371,Emerson,29.19,25.29,62.35,48.81,42.85,669.86
27,Ophelia,55.22,12.37,15.88,5.23,9.83,671.91
458,Clementine,34.24,19.37,59.37,21.64,90.05,672.13
916,Sanai,32.61,21.21,69.08,29.08,78.99,672.55
843,Kennedy,27.00,26.72,41.79,9.31,3.21,673.34
108,Jorja,34.58,17.50,8.62,5.71,83.42,674.34
63,Millie,47.40,16.91,64.18,69.20,8.77,676.81
89,Paislee,24.35,27.58,41.56,10.27,57.83,677.47
6,Jocelyn,22.59,33.02,56.72,58.81,53.54,683.88
217,Rosalina,29.89,25.56,32.20,53.25,7.06,685.54
958,Monroe,45.33,17.57,69.08,75.72,34.87,686.46
522,Izabella,20.25,42.89,93.89,93.26,7.25,688.53
730,Jade,26.61,25.77,54.18,28.22,90.92,694.17
588,Alaia,20.73,34.02,55.98,43.78,92.80,698.11
702,Iyla,43.13,18.39,78.34,51.24,35.17,698.68
703,Hayden,27.41,30.05,91.09,91.16,58.01,699.70
87,Maeve,42.25,17.06,67.21,9.84,58.96,702.64
283,Jessica,27.74,27.94,90.85,12.04,32.76,704.92
188,Jessie,54.48,13.50,20.90,83.86,74.25,705.12
910,Elaina,25.73,29.25,64.64,25.96,44.90,706.97
84,Addalyn,43.95,15.67,54.62,11.56,86.13,708.81
685,Adilynn,55.20,13.77,75.29,68.34,97.89,714.56
203,Angel,49.98,14.89,33.99,86.14,93.42,717.22
740,Alayah,45.64,15.94,69.31,10.76,70.54,718.17
678,Keilani,37.72,21.13,74.56,48.15,44.37,718.78
722,Annabelle,44.90,19.11,98.13,94.39,55.11,720.49
496,Roselyn,24.69,27.79,11.68,22.91,71.18,722.90
548,Journee,50.21,16.76,99.11,54.97,37.13,724.78
972,Amiracle,52.15,16.75,75.80,82.08,11.27,726.87
121,Elizabeth,27.62,29.84,8.19,99.68,10.75,727.01
247,Harmoni,20.38,41.37,99.75,25.13,12.21,730.17
528,Luna,24.27,30.36,44.59,12.94,54.61,733.85
120,Remy,46.28,16.18,33.62,57.79,80.46,738.08
987,Lilyanna,29.93,27.76,65.27,64.28,38.95,740.37
264,Lina,23.88,35.95,36.84,88.59,10.52,743.65
282,Deborah,26.98,28.96,11.24,49.12,24.49,745.43
808,Lucy,24.04,31.98,98.21,15.47,93.67,748.69
201,Catalina,48.73,17.35,75.07,46.44,28.58,752.49
666,Gracelyn,29.33,25.42,3.49,69.34,80.06,752.75
135,Effie,28.42,28.75,86.91,18.29,41.28,753.10
41,Kamryn,40.09,20.84,71.49,49.28,38.66,753.48
430,Willa,42.51,19.74,86.05,73.05,73.79,754.02
448,Lylah,26.67,33.73,89.70,88.52,33.07,754.65
775,Ruby,48.77,16.95,86.35,8.48,24.65,756.52
290,Vivian,33.97,22.49,43.21,12.75,49.96,758.08
668,Allison,51.37,14.62,4.10,50.34,61.61,758.23
177,Bridget,30.27,26.35,42.18,62.31,65.47,758.57
293,Della,29.49,29.47,87.83,42.41,22.68,761.52
320,Amia,21.58,38.20,5.13,66.20,9.52,762.40
911,Elyza,31.80,24.76,83.38,9.02,71.01,765.92
306,Felicity,55.39,13.06,8.26,5.79,57.59,766.93
936,Vanessa,32.02,24.09,86.16,11.34,94.17,768.17
687,Estefania,29.99,27.41,56.11,80.73,83.48,768.49
204,Colleen,27.54,28.43,41.44,34.92,65.23,771.63
277,Janessa,22.40,40.57,68.08,81.88,13.51,772.28
999,Haddie,24.32,33.66,74.66,28.22,58.51,774.27
233,Anastasia,32.68,23.52,36.82,5.43,49.71,775.94
918,Kamiyah,44.76,17.07,19.98,35.78,73.19,781.72
797,Esther,41.23,20.42,31.42,37.94,11.45,783.80
930,Danielle,25.03,32.17,68.49,3.33,50.73,784.27
783,Judith,21.49,42.64,67.47,72.32,7.61,784.30
385,Cataleya,23.42,32.91,52.71,21.79,89.11,785.30
967,Clare,38.64,21.07,24.50,75.99,71.91,785.74
690,Juliet,21.65,36.01,63.28,5.53,75.86,786.77
305,Payton,23.23,36.09,1.95,96.20,50.54,790.83
539,Brittany,51.65,17.85,94.23,92.59,57.94,793.15
243,Karis,31.92,27.35,35.02,75.18,30.78,793.79
571,Rayna,54.67,15.63,71.40,65.69,78.99,796.60
281,Heaven,25.01,29.37,12.81,21.53,97.85,798.28
454,Suki,35.13,23.83,46.48,64.65,73.59,799.55
820,Lena,26.92,31.92,93.02,44.61,79.27,800.80
780,Aaniyah,59.32,16.08,78.82,97.67,23.29,800.81
865,Kinley,43.16,20.81,52.07,93.79,50.40,802.48
672,Mariyah,35.98,21.99,52.20,20.91,86.71,804.75
52,Ariella,29.54,28.55,60.01,7.73,34.85,810.54
715,Lucia,51.46,17.09,84.69,43.17,59.75,811.36
303,Giovanna,30.19,30.12,68.60,46.78,20.20,814.28
450,Jane,31.61,26.36,60.47,48.77,91.70,815.91
564,Milan,23.47,37.86,87.35,42.75,62.32,820.55
16,Ellis,25.05,32.84,12.12,32.76,49.93,827.66
550,Taliah,52.90,17.24,21.09,71.15,8.12,827.83
313,Katia,24.07,35.98,36.25,17.49,16.91,829.04
993,Bexleigh,38.56,22.93,72.13,40.52,60.41,831.77
148,Destiny,55.42,13.94,6.73,21.06,88.14,832.83
71,Shiloh,24.29,34.72,7.11,30.15,27.62,833.54
645,Nora,20.17,41.71,93.71,0.62,86.72,833.70
169,Elsa,45.04,20.23,80.18,36.62,39.68,834.18
823,Makayla,49.51,16.57,23.09,54.09,90.86,834.24
932,Yazmin,31.76,24.41,4.55,17.88,81.44,834.34
553,Coraline,34.58,24.97,70.71,23.89,66.02,834.87
536,Samiyah,59.79,16.06,56.74,71.37,7.53,839.60
794,Freida,59.16,15.28,72.94,64.31,77.41,844.17
268,Joanna,49.60,18.92,83.93,26.74,17.30,845.22
231,Ruth,29.56,26.90,0.24,47.36,99.49,847.10
398,Zahara,55.37,14.91,18.43,23.92,63.88,847.25
131,Marleigh,27.37,36.94,86.48,94.99,18.19,847.65
650,Miya,49.40,16.63,20.84,32.73,80.36,848.26
367,Katherine,26.69,29.28,12.61,7.63,87.87,849.24
563,Rylynn,42.97,21.87,60.59,71.95,42.60,849.99
832,Kenia,48.47,19.69,90.09,98.46,93.74,859.68
706,Elina,32.57,27.30,54.00,4.59,33.13,863.90
996,Devyn,52.64,17.70,38.02,83.80,55.02,865.13
280,Pepper,32.08,29.48,86.75,85.92,92.19,865.24
93,Adella,40.65,21.64,8.96,76.94,76.01,869.67
897,Armani,26.08,38.23,98.78,94.99,70.22,873.55
945,Tatum,22.59,42.89,97.02,14.81,18.24,875.33
748,Taliyah,40.89,22.96,90.07,15.39,42.77,876.05
497,Kayley,22.81,38.67,8.19,4.37,6.67,876.13
568,Anabelle,21.33,44.39,96.18,69.59,95.20,876.40
21,Navy,29.70,32.08,20.98,93.83,38.66,876.70
30,Naomi,50.64,17.56,3.45,88.39,79.39,876.97
195,Savannah,28.39,31.11,68.31,33.11,99.29,880.90
639,Evelynn,22.78,43.61,83.61,69.64,42.43,882.50
696,Brielle,20.44,48.45,70.21,54.71,17.38,882.84
294,Anayah,21.82,44.19,72.40,39.56,31.80,883.88
224,Celeste,27.52,35.66,78.51,51.58,34.81,886.03
980,Adelynn,55.86,17.13,82.16,70.01,82.37,887.22
162,Wren,30.91,29.23,45.20,25.29,54.99,887.95
165,Ania,47.06,18.50,20.96,44.28,82.80,887.98
782,Lyanna,44.09,21.48,40.47,52.30,35.04,889.32
598,Rowan,43.64,21.82,2.93,92.14,32.24,889.33
575,Ariadne,47.49,20.71,34.43,91.92,34.24,891.42
178,Karlie,45.48,20.46,19.40,61.48,42.42,892.07
542,Baylee,26.38,34.05,17.06,74.12,88.87,896.04
35,Lindy,30.29,31.45,20.57,54.11,23.96,901.92
864,Anika,24.92,40.07,89.91,47.56,41.24,902.49
357,Valerie,40.88,26.47,92.03,93.12,6.52,903.39
872,Amanda,35.57,27.80,64.99,71.13,52.02,904.84
472,Julissa,44.28,22.24,18.25,81.71,20.90,905.79
116,Collins,21.81,42.10,7.40,70.49,66.17,906.24
578,Kailee,35.34,27.06,68.86,39.16,58.37,906.76
630,Evelyn,21.15,45.23,41.46,57.12,49.89,907.62
180,Raquel,46.82,20.16,28.56,13.99,7.91,908.96
768,Sky,59.12,15.58,20.43,64.28,74.86,911.05
947,Christine,25.35,37.30,31.17,23.54,24.30,915.24
611,Dalia,58.06,17.79,25.00,98.26,5.97,915.70
950,Kasia,26.48,38.43,92.99,29.21,23.76,919.25
462,Langston,36.99,25.79,55.28,21.82,42.60,919.31
487,Michaela,26.29,34.87,60.38,27.27,93.31,922.38
141,Violet,21.44,45.45,68.95,43.30,62.74,924.74
777,Ellen,36.05,28.64,50.85,93.00,38.46,927.04
172,Analiah,44.44,21.16,27.81,46.83,69.14,934.76
731,Adalee,26.29,36.88,34.74,86.09,87.01,935.83
601,Cynthia,47.00,22.21,99.65,37.31,30.44,937.17
466,Kinsleigh,46.51,21.08,79.63,21.98,59.20,938.12
254,Nina,45.53,20.35,56.65,4.59,75.25,940.60
326,Fiona,54.80,17.76,43.15,10.43,21.11,940.85
97,Lindsey,22.45,46.98,40.91,73.28,3.94,944.65
473,Paisleigh,59.88,16.13,62.15,25.81,70.44,948.02
470,Renee,53.57,18.45,15.80,92.97,69.64,949.39
185,Janae,50.07,18.88,15.83,70.57,91.33,950.22
443,Joslyn,47.55,20.77,15.32,73.13,53.25,952.29
353,Emmalyn,27.46,35.55,7.81,59.95,53.88,962.31
312,Anabella,57.42,17.51,40.42,96.79,96.17,964.03
96,Adrienne,48.88,20.55,75.96,42.17,78.05,964.34
841,Oaklee,30.61,33.43,99.34,42.00,82.42,964.51
471,Maleah,47.97,22.36,64.55,96.34,53.16,965.04
873,Marina,51.98,19.57,40.88,34.10,24.29,966.37
905,Dakota,42.06,22.79,74.77,10.61,93.66,966.83
202,Shelby,41.25,24.30,37.21,89.29,91.00,967.00
877,Alisa,24.16,41.88,46.83,16.68,19.93,968.04
345,Valentina,56.42,17.00,45.56,5.05,63.44,971.79
1,Gemma,37.03,29.31,73.84,80.87,42.18,972.90
486,Dayanara,51.94,19.60,56.44,42.25,54.30,973.77
855,Noemi,55.88,18.59,81.55,10.72,27.89,974.58
838,Oakley,29.64,30.58,3.06,13.75,87.82,977.55
708,Maddison,31.49,33.54,84.56,81.54,87.62,977.59
117,Rachel,23.66,42.40,46.97,17.83,39.49,977.88
223,Lillianna,36.65,26.98,43.20,40.58,73.15,978.06
655,Blair,52.00,22.46,96.53,98.90,6.07,978.46
704,Zariya,25.29,41.56,95.09,69.38,93.92,980.36
406,Jazlynn,53.61,18.35,33.29,15.27,46.30,981.40
665,Lumi,25.22,39.89,66.95,10.68,54.10,982.35
316,Lindsay,31.66,34.36,34.16,84.50,13.10,982.47
279,Queen,51.16,19.37,38.44,41.23,72.93,984.29
389,Kira,24.43,44.48,18.37,81.90,0.15,986.53
491,Gwenyth,46.84,22.13,73.27,41.21,67.49,989.64
885,Althea,59.34,18.59,90.22,45.72,22.81,990.19
176,Khaleesi,40.18,27.26,75.82,52.20,28.73,996.15
193,Jenna,42.70,24.91,87.48,51.98,73.65,997.77
257,Kavya,34.07,33.49,62.00,98.25,17.16,997.85
986,Azariah,42.57,25.63,74.46,94.74,77.15,998.91
606,Tenley,38.33,26.76,35.71,53.30,62.94,999.67
956,Ariah,46.36,21.66,19.98,48.35,65.01,1000.84
95,Amaia,24.44,40.43,3.67,70.57,87.58,1001.43
861,Myka,21.69,48.80,46.22,97.35,89.58,1004.30
688,Felicia,24.15,44.67,65.94,85.37,80.23,1007.93
772,Shania,49.80,20.40,11.07,12.11,17.08,1009.58
150,Reyna,22.39,48.18,64.04,79.50,74.78,1009.82
867,Zaylee,28.82,32.75,4.56,24.70,99.81,1014.23
890,Aiyana,26.62,36.57,25.28,29.68,97.77,1016.23
375,Tegan,37.94,27.99,28.96,80.54,64.53,1016.87
771,Michelle,38.69,28.60,71.03,26.95,12.53,1021.03
971,Santana,45.59,25.23,36.64,97.09,5.19,1021.98
413,Kora,47.79,21.46,75.89,12.86,85.53,1022.03
739,Veronica,38.25,30.54,82.05,70.10,9.55,1025.56
951,Ryann,35.49,29.41,13.64,14.71,11.96,1027.52
415,Jill,46.22,23.46,57.83,89.85,91.16,1027.56
267,Desiree,35.79,30.84,44.22,41.32,16.73,1034.70
896,Riley,30.51,35.42,37.59,13.80,10.16,1039.25
621,Rivka,25.87,40.15,35.28,6.25,42.36,1039.57
595,Salem,36.94,27.79,41.81,32.03,90.28,1043.12
689,Maya,39.08,28.24,4.23,61.86,5.67,1043.15
404,Belle,28.87,35.61,22.85,23.09,62.25,1044.31
792,Hadleigh,59.21,18.26,31.65,35.72,31.76,1045.60
296,Everly,50.64,19.74,18.71,0.64,65.97,1046.47
934,Giavanna,51.82,22.77,75.63,63.98,8.59,1048.76
521,Alanna,23.51,49.75,62.28,76.16,18.91,1050.29
551,Lizeth,24.31,47.82,64.40,87.40,39.92,1050.74
978,Nathalie,28.50,37.91,68.08,22.11,61.32,1051.46
402,Mia,49.24,22.22,80.80,28.52,67.99,1052.70
383,Danica,57.25,18.95,38.82,39.87,46.86,1053.32
431,Clarissa,34.67,35.30,81.83,90.45,4.25,1055.84
599,Everleigh,43.65,24.31,18.76,27.30,40.77,1055.92
546,Penny,40.68,25.79,67.48,20.00,94.89,1056.32
12,Monica,49.14,20.54,5.58,34.02,86.62,1056.43
409,Nola,58.49,18.28,62.27,31.47,81.55,1056.90
816,Amethyst,38.27,28.92,89.59,44.59,85.82,1058.44
236,Mila,23.94,43.40,9.44,23.92,53.98,1059.71
164,June,40.44,27.20,99.85,4.84,67.05,1062.31
920,Chanel,21.10,50.16,37.20,8.13,51.74,1064.71
807,Ayleen,38.08,27.66,61.86,16.62,90.12,1064.80
656,Chaya,57.89,20.72,98.67,61.77,27.76,1067.01
265,Avalee,26.15,38.62,21.28,6.34,85.28,1067.74
515,Princess,40.46,29.98,67.31,80.49,3.03,1068.11
276,Sariah,52.02,22.12,78.82,8.49,8.14,1071.62
358,Maliyah,21.16,53.37,51.31,30.35,25.14,1073.12
974,Raleigh,40.33,28.15,43.79,22.83,5.31,1074.06
368,Annie,33.92,31.34,10.81,14.57,38.55,1076.20
809,Ayla,25.28,47.15,71.68,89.08,49.03,1080.43
750,Samara,54.77,22.13,93.14,56.80,18.39,1080.63
545,Angelina,21.12,55.84,87.76,30.84,20.04,1080.83
744,Kaliyah,45.23,25.55,82.66,49.03,57.36,1081.11
132,Celine,52.91,21.61,48.22,74.56,60.69,1081.45
503,Yael,22.01,46.03,11.85,13.78,97.65,1085.00
285,Margot,22.43,51.75,70.33,61.57,60.60,1089.54
760,Laney,32.67,36.84,77.60,77.29,41.76,1090.39
258,Vienna,57.24,18.87,22.39,61.34,96.57,1092.92
394,Camila,33.27,34.69,24.99,93.57,57.53,1093.13
723,Brenda,26.31,41.29,36.48,11.41,59.19,1097.56
381,Lizbeth,29.18,39.67,23.07,80.47,44.03,1097.83
363,Seraphina,23.92,48.46,36.02,93.93,73.22,1102.44
31,Georgia,41.97,27.10,1.57,48.08,16.34,1104.00
817,Camille,21.07,56.43,58.70,40.79,22.51,1112.20
679,Magnolia,44.34,26.67,80.48,57.84,68.79,1112.91
906,Sloane,23.60,49.26,17.93,95.91,66.22,1114.76
853,Julieta,32.47,34.78,24.17,13.00,23.30,1115.26
554,Ana,37.06,33.03,90.13,84.42,68.26,1117.56
844,Juliana,39.17,31.29,57.26,88.88,38.60,1117.88
755,Allie,59.93,19.14,13.90,86.85,74.04,1120.49
453,Mira,37.84,28.51,8.31,20.74,71.19,1120.91
260,Olive,23.28,48.52,48.61,7.10,48.87,1122.78
232,Aurora,21.28,52.94,26.59,5.62,29.98,1124.31
480,Scarlette,38.25,29.83,12.71,52.88,49.34,1124.61
104,Edith,22.19,50.24,59.36,14.32,83.68,1125.15
888,Saanvi,48.42,25.35,77.74,92.73,72.92,1129.96
456,Nyla,47.23,25.21,75.31,53.71,70.23,1131.95
274,Mabel,42.43,28.61,80.87,42.09,45.57,1136.30
75,Eileen,32.21,35.96,4.10,32.33,15.73,1137.41
477,Emeli,24.05,51.30,80.98,82.04,68.91,1139.65
620,Luciana,50.95,23.33,98.75,4.59,56.56,1141.81
982,Davina,23.90,50.42,8.07,58.09,3.04,1141.86
418,Kenslee,26.04,47.02,57.63,40.85,17.65,1143.66
76,Charley,43.11,27.07,12.14,96.86,89.31,1147.39
556,Brinley,25.07,48.78,44.14,52.93,22.41,1148.31
752,Dani,46.95,25.28,28.15,57.43,48.37,1149.57
717,Micaela,34.07,35.08,44.00,99.21,98.26,1150.34
557,Lara,22.69,52.96,25.36,41.33,16.63,1151.71
482,Marceline,37.74,32.64,90.80,76.64,89.58,1154.02
414,Elyse,39.75,30.47,99.44,18.71,63.03,1155.82
197,Martha,58.39,19.20,49.33,13.67,99.04,1157.14
904,Annelise,30.88,40.69,28.43,80.20,10.08,1157.82
567,Athena,28.90,40.85,70.91,50.19,98.49,1157.94
333,Gwendolyn,21.96,52.73,12.37,18.53,30.93,1158.19
973,Addisyn,39.38,30.85,70.60,72.62,86.65,1158.29
886,Amelie,26.78,46.41,81.90,72.57,72.43,1160.55
213,Ciara,21.48,54.60,41.15,66.29,97.21,1162.88
887,Tinley,49.50,24.10,46.44,3.10,22.32,1165.89
479,Avery,45.96,26.29,64.56,8.86,31.06,1166.06
909,Alana,51.09,23.94,45.30,32.99,22.56,1167.49
210,Nicolle,37.54,32.07,13.28,44.82,22.28,1168.27
275,Adalind,37.69,32.32,39.83,25.39,22.04,1174.93
242,Azalea,32.26,38.14,64.11,63.92,74.29,1176.61
125,Luisa,34.93,36.01,24.69,96.03,40.34,1177.63
736,Isabela,32.12,38.65,43.08,42.31,22.64,1178.44
412,Harley,23.04,56.60,68.71,64.14,7.76,1178.79
183,Rhyan,39.66,31.20,22.63,89.86,55.64,1180.53
376,Blakely,27.81,43.15,76.17,26.97,85.70,1182.70
175,Averie,38.85,30.64,44.94,45.08,82.86,1183.24
719,Cayleigh,56.69,21.01,9.73,8.51,12.50,1185.40
609,Ariya,23.87,53.24,81.97,1.50,1.67,1189.22
427,Adelaide,44.50,27.88,15.59,66.82,32.23,1190.54
531,Faith,52.16,23.44,17.22,60.37,46.62,1191.45
604,Wendy,23.12,50.71,40.80,2.35,67.81,1197.38
512,Mary,29.24,42.44,18.81,47.90,25.09,1199.03
391,Raelynn,28.19,40.46,28.27,8.45,96.97,1200.81
11,River,41.58,30.72,30.34,72.35,29.15,1203.96
633,Zaniyah,35.73,33.62,5.16,11.76,20.19,1204.30
613,Bexley,43.65,29.14,62.23,30.93,26.34,1205.06
924,Saniya,50.86,24.63,15.39,94.97,64.62,1206.78
824,Yaretzi,43.35,28.51,90.11,4.05,67.28,1209.22
636,Delaney,46.95,26.21,48.91,48.93,81.96,1214.74
854,Riya,57.05,20.78,55.33,7.54,94.00,1216.29
168,Lia,52.30,24.53,51.25,49.39,36.34,1218.85
917,Jasmin,52.13,24.94,45.51,91.07,57.96,1221.29
968,Addison,34.76,37.04,3.70,93.73,32.63,1222.76
342,Rayne,30.04,44.60,49.47,84.18,23.16,1229.40
879,Silvia,42.47,30.04,37.54,16.18,7.77,1229.98
745,Aila,35.49,35.98,41.06,42.14,38.25,1232.23
67,Ariel,28.86,44.01,27.09,61.36,51.35,1233.02
488,Kenley,41.07,29.09,0.39,12.30,57.17,1239.16
988,Jacqueline,22.58,58.61,87.02,89.43,92.55,1239.79
790,Aislynn,30.25,44.40,89.29,82.05,69.38,1241.02
850,Azeneth,27.90,44.09,20.68,38.05,71.98,1243.17
103,Miriam,40.24,31.97,33.67,52.93,44.28,1244.15
653,Sonja,21.85,56.53,44.52,25.29,79.69,1244.89
229,Reina,25.00,52.75,75.93,45.43,51.22,1248.66
324,Aminah,24.28,53.76,72.02,48.66,65.30,1250.23
670,Zamira,25.69,52.98,80.99,34.88,8.06,1252.90
644,Cambria,48.14,26.25,67.78,18.00,75.88,1253.89
747,Elia,57.73,24.65,92.42,95.82,27.63,1262.21
963,Kenzy,34.58,36.77,78.03,9.59,84.56,1268.62
139,Rebekah,30.15,43.29,43.91,57.85,65.40,1268.96
119,Evelina,45.28,29.30,93.29,39.41,78.47,1272.57
136,Ada,44.38,28.94,5.16,37.08,33.88,1276.27
831,Aubry,33.84,39.63,87.43,21.80,45.63,1277.48
99,Calista,52.89,25.04,76.08,32.28,62.86,1278.54
56,Giada,47.42,28.29,27.30,46.04,10.78,1278.94
143,Carol,21.66,59.41,30.63,6.16,29.20,1279.19
330,Harmony,52.98,25.81,74.20,90.10,84.10,1286.99
746,Jaelyn,42.48,31.16,31.61,31.56,27.07,1287.78
40,Laila,54.95,22.87,4.15,49.09,95.51,1299.06
94,Juno,50.07,26.92,9.92,69.76,32.63,1300.74
329,Amora,38.82,34.87,55.95,11.10,20.03,1306.77
784,Kylan,28.85,48.74,58.66,42.23,1.65,1306.86
610,Nya,33.92,42.84,95.91,61.38,11.51,1307.35
153,Kaylin,37.92,35.94,49.13,6.51,5.34,1312.59
461,Sabrina,50.54,29.14,93.04,79.62,12.95,1312.85
467,Lila,28.54,50.14,96.75,91.54,71.61,1314.16
878,Belen,58.31,23.70,47.75,47.52,28.27,1314.60
304,Zuri,53.20,27.23,89.62,68.24,24.21,1314.93
382,Julie,34.16,41.77,90.66,44.27,24.28,1316.14
5,Adley,39.99,34.64,67.82,86.12,85.21,1316.66
923,Maria,59.70,23.10,39.30,93.41,75.25,1321.37
336,Jordynn,25.93,52.56,46.66,69.12,74.88,1322.09
69,Annaliese,43.51,28.96,11.45,19.99,98.08,1326.57
161,Skyla,30.13,46.01,88.07,41.50,73.34,1329.91
504,Jazmine,54.95,26.39,68.09,91.30,41.32,1331.85
396,Kaylee,28.39,47.93,53.01,26.72,51.65,1332.70
301,Thea,33.57,44.51,79.91,93.54,12.90,1333.64
7,Lela,35.38,38.92,7.07,55.12,19.75,1334.42
977,Laniyah,33.65,40.72,51.80,70.44,87.34,1335.16
798,Mina,29.25,50.24,96.85,81.99,48.09,1338.65
142,Kyla,40.37,34.71,84.24,5.93,32.21,1343.60
558,Carter,54.77,24.35,30.69,23.77,66.00,1345.17
856,Kylie,31.19,44.89,77.67,15.04,38.17,1345.74
674,Tanya,48.66,27.82,82.38,13.80,89.76,1347.24
511,Saniyah,30.34,48.14,95.50,91.64,76.68,1350.05
359,Adrianna,31.37,40.42,0.86,4.14,88.86,1351.99
770,Alianna,46.06,32.52,62.23,96.12,15.74,1355.48
612,Rylie,25.24,54.26,57.18,31.13,75.13,1356.13
884,Parker,56.88,26.32,92.44,95.61,49.58,1358.35
171,Livia,29.26,47.15,18.23,35.30,32.86,1359.06
374,Evalyn,52.89,26.88,50.88,79.73,69.19,1360.14
805,Anais,56.61,24.30,6.13,87.31,80.85,1362.88
43,Jenesis,37.30,37.89,66.63,17.39,37.06,1366.33
451,Evalynn,23.86,59.77,41.97,35.36,19.91,1368.92
929,Lilia,24.28,55.54,24.41,34.60,80.02,1369.51
729,Gracen,31.86,45.96,24.86,93.90,28.01,1373.33
344,Nailah,27.73,52.01,73.06,68.09,79.35,1380.54
157,Esmeralda,45.02,32.27,98.50,26.62,54.66,1382.65
78,Myra,37.85,37.78,79.82,28.11,63.05,1385.38
155,Aubree,58.63,24.96,66.02,34.94,23.37,1386.07
284,Nevaeh,52.33,26.82,39.89,52.15,75.58,1387.20
837,Rosa,50.04,26.81,20.51,21.27,88.96,1388.58
50,Skai,26.59,56.05,58.60,65.07,26.44,1393.02
584,Zoe,56.15,24.28,38.47,24.95,93.83,1393.66
813,Jocelynn,54.88,27.00,10.25,86.94,11.81,1396.13
573,Shay,25.90,55.47,13.97,62.26,37.28,1397.61
725,Stella,49.74,30.01,50.47,57.81,13.31,1397.89
697,Eleanore,28.10,53.77,84.61,87.60,62.37,1401.11
37,Fallon,59.75,24.55,18.34,87.36,43.98,1405.09
163,Aaliyah,59.72,24.44,50.41,11.90,8.46,1405.62
561,Posie,37.56,39.23,19.00,94.56,47.54,1407.12
395,Ximena,25.40,57.98,41.29,33.95,9.84,1407.49
654,Malayah,44.55,31.51,45.68,33.13,85.50,1410.20
311,Talia,51.69,27.21,3.32,43.88,56.09,1415.50
712,Kristina,51.73,28.64,80.32,75.33,93.77,1419.38
122,Alison,34.81,41.31,11.55,71.95,65.27,1419.83
586,Catherine,26.58,57.27,92.25,96.99,87.23,1420.33
544,Bellamy,23.46,59.25,3.62,12.16,46.64,1420.91
455,Peyton,47.98,28.67,1.91,28.10,75.72,1421.50
435,Saylor,25.60,59.71,96.58,63.32,54.79,1423.19
732,Hadley,46.46,30.30,25.02,3.29,44.87,1424.47
643,Lillyanna,25.84,59.57,53.04,87.96,27.60,1425.78
255,Hadlee,48.93,29.72,39.23,71.37,86.50,1429.96
901,Novalee,39.32,38.78,54.86,35.13,1.16,1436.04
126,Gracie,33.82,43.87,4.97,51.77,12.08,1439.03
671,Christina,48.33,30.32,4.40,48.12,27.71,1440.48
969,Janiyah,36.09,41.27,82.89,50.28,84.32,1440.70
709,Jayleen,42.46,34.35,2.48,36.68,23.34,1442.59
508,Deanna,28.34,53.73,67.31,27.10,15.96,1444.42
426,Annalee,26.30,55.94,37.89,44.96,57.49,1445.97
908,Lakelyn,34.12,42.36,48.11,5.06,58.43,1450.53
751,Kamari,28.57,51.63,23.97,88.10,87.90,1450.98
724,Itzel,56.69,25.81,32.96,1.01,22.26,1451.60
966,Leanna,26.56,56.29,14.48,71.82,43.41,1452.32
173,Yara,40.16,36.93,70.62,9.40,50.94,1454.15
334,Emmarie,31.94,47.65,87.44,55.60,76.03,1454.97
514,Ember,48.37,29.88,65.61,19.63,97.74,1457.80
593,Hazel,42.94,35.78,72.24,76.92,75.75,1462.94
438,Zariyah,25.85,57.58,8.71,92.65,77.42,1464.23
159,America,44.57,31.94,24.20,3.08,68.62,1464.74
991,Liz,45.15,33.68,9.39,99.39,53.19,1465.23
992,Liz,45.15,33.68,9.39,99.39,53.19,1465.23
641,Ila,25.88,56.27,12.56,56.58,85.47,1472.45
288,Eden,27.67,57.05,26.97,87.70,12.42,1476.65
250,Rosalynn,41.40,36.17,21.88,47.22,49.63,1478.09
835,Kylee,49.35,28.65,12.51,12.22,89.08,1478.35
509,Adaleigh,45.94,32.16,9.25,69.83,80.08,1478.56
88,Ivy,44.45,34.10,26.76,51.80,43.62,1480.79
384,Celina,30.67,49.35,99.73,0.22,68.08,1481.82
891,Kaya,59.62,25.94,64.27,74.17,74.07,1482.17
449,Ziva,41.85,35.20,10.42,10.95,34.73,1486.39
957,Paulina,29.87,53.43,64.03,53.19,8.57,1487.11
845,Brianna,52.31,27.44,22.96,21.66,96.63,1487.32
200,Perry,32.60,49.51,76.98,57.91,12.15,1491.34
895,Tiffany,46.54,33.07,17.97,61.00,32.30,1492.45
596,Kasen,30.40,51.81,36.53,72.67,29.15,1495.02
789,Calla,37.58,41.28,50.74,14.52,11.03,1497.09
940,Juliette,38.40,38.98,44.72,6.76,57.41,1502.97
318,Siri,51.69,30.68,38.22,79.82,40.70,1508.29
138,Clara,29.60,52.01,37.83,14.13,20.96,1508.34
964,Angela,59.16,25.94,55.79,44.89,78.56,1512.54
667,Leyna,27.20,57.43,69.47,59.83,80.73,1513.50
863,Patricia,33.07,46.01,80.85,16.64,90.65,1514.57
649,Aarya,30.13,50.36,1.27,0.03,0.03,1516.35
860,Adelia,48.40,34.82,94.50,90.92,17.18,1517.33
819,Araceli,39.23,39.69,60.23,21.52,42.35,1517.46
997,Lucille,28.46,54.49,55.74,35.52,58.43,1517.88
321,Greer,54.85,27.11,35.18,23.35,90.34,1519.14
714,Sutton,33.82,44.91,2.56,79.55,87.70,1524.14
954,Royal,30.55,52.44,76.63,7.49,7.60,1525.70
756,Viola,37.57,39.78,57.17,3.58,98.75,1532.45
251,Lesly,47.66,34.20,97.43,87.30,93.62,1538.99
9,Bella,29.66,50.64,29.82,30.13,98.02,1539.73
773,Holland,43.32,35.70,60.89,12.75,66.99,1539.97
498,Emmalynn,43.29,37.84,97.03,55.85,55.01,1540.09
900,Nylah,44.97,37.60,94.03,99.48,45.72,1543.19
425,Avalynn,27.40,57.98,12.54,63.80,31.47,1543.44
944,Adira,30.13,52.52,26.67,65.70,57.18,1547.37
975,Adelyn,39.10,38.46,37.97,2.07,84.63,1548.17
952,Magdalena,48.09,35.66,73.10,94.74,1.85,1548.61
743,Zariah,43.68,37.51,21.13,74.02,5.48,1549.01
62,Sharon,37.66,42.71,31.91,45.11,17.89,1549.36
300,Arella,30.93,52.70,78.45,7.81,7.08,1551.06
811,Arely,50.23,31.19,29.53,6.36,20.68,1551.46
270,Mckinley,50.17,31.51,44.16,33.73,48.27,1551.50
468,Bridie,26.72,55.72,3.01,8.29,78.49,1555.77
447,Oaklynn,51.82,31.16,0.35,63.18,6.61,1557.86
651,Alisha,39.00,39.16,33.60,25.55,92.24,1560.55
796,Amaya,37.36,43.99,23.56,69.57,14.41,1564.79
407,Madeline,45.75,35.06,45.78,2.74,10.66,1565.92
684,Bristol,32.99,47.55,21.41,24.80,44.74,1567.02
355,Avah,31.75,49.88,14.55,91.90,92.67,1569.80
624,Elysia,35.85,46.83,85.93,42.35,19.41,1570.29
392,Malaysia,33.41,50.63,84.91,61.79,31.63,1576.60
495,Amara,47.08,35.09,30.01,60.14,14.89,1576.67
579,Alice,38.97,43.12,87.70,79.02,63.45,1577.06
661,Eva,35.23,45.70,81.47,46.62,97.78,1579.72
660,Mylah,55.48,30.29,67.88,61.94,37.96,1588.25
818,Rosalia,54.88,29.74,7.89,41.46,10.15,1593.00
894,Laurel,59.34,27.94,57.62,57.50,52.24,1595.20
432,Arlette,37.57,43.73,46.79,38.22,41.27,1599.06
237,Grecia,51.03,33.92,92.35,69.28,32.15,1601.39
922,Crystal,42.22,40.97,65.67,62.17,2.90,1604.98
149,Alina,41.53,39.06,27.46,68.43,79.35,1605.49
428,Kendall,39.48,42.40,63.46,99.28,94.09,1605.60
422,Kaitlyn,39.16,41.66,54.93,4.11,33.41,1605.86
369,Braylee,35.97,47.14,49.61,38.34,5.92,1613.32
701,Summer,28.75,57.42,35.74,90.23,92.43,1616.98
500,Rhea,48.58,31.86,23.66,2.55,95.85,1617.14
576,Octavia,49.69,32.32,40.16,17.41,70.15,1618.46
499,Lailah,43.07,38.55,17.82,97.31,75.65,1620.65
955,Elliott,34.84,48.72,31.01,57.52,14.33,1623.18
354,Alexa,30.42,51.96,24.23,26.63,94.14,1623.71
28,Molly,49.22,35.56,88.54,62.96,27.48,1626.26
836,Monserrat,46.57,35.27,89.09,19.86,93.32,1626.96
444,Dulce,44.51,37.82,23.13,39.43,6.30,1627.29
710,Giovanni,54.74,31.61,75.17,96.32,80.27,1639.10
83,Kayla,46.65,36.31,89.74,51.28,90.62,1643.63
403,Raelyn,34.07,49.88,54.70,13.95,21.91,1652.94
42,Amy,36.28,48.64,85.99,82.93,58.97,1654.51
433,Elena,28.53,57.53,22.41,18.87,58.01,1658.18
86,Ainsley,32.27,55.83,97.82,67.65,30.60,1666.86
631,Raya,55.41,30.02,21.19,53.39,79.46,1668.07
238,Bianca,47.82,36.73,86.23,76.59,77.52,1671.35
533,Leylah,55.23,29.48,8.47,13.67,75.13,1681.04
625,Evan,56.44,30.25,17.35,90.00,84.01,1684.02
481,Coralynn,41.16,41.97,9.58,29.69,2.85,1691.13
366,Emory,50.64,34.70,54.19,57.11,45.86,1691.84
826,Bri,59.00,31.67,90.63,91.95,9.22,1695.26
791,Makenzie,35.34,48.13,29.86,52.68,78.45,1696.89
937,Giana,54.38,33.54,57.96,86.43,19.71,1699.20
379,Lilah,44.96,38.79,3.67,91.79,51.07,1699.41
51,Promise,31.60,55.26,50.14,0.47,8.87,1704.66
240,Kynlee,40.58,41.83,69.51,22.29,99.41,1704.91
659,Kiera,57.55,32.35,97.40,70.59,13.09,1706.69
931,Abigail,36.74,49.14,81.13,38.59,31.74,1717.34
47,Cassie,37.52,47.62,59.00,27.75,18.20,1717.75
424,Emmeline,30.92,54.73,13.19,29.20,68.53,1718.33
615,Nayeli,28.85,59.41,37.95,52.35,95.14,1718.94
803,Scout,35.46,51.31,45.00,69.11,14.14,1719.15
152,Marley,54.30,34.07,46.40,79.83,11.33,1735.05
675,Margo,33.77,53.79,75.35,43.53,43.24,1740.82
560,Anaya,56.03,30.90,11.32,65.18,86.92,1741.74
540,Daniella,40.70,42.92,10.02,34.16,40.11,1742.97
778,Yareli,37.24,49.32,47.26,72.75,33.93,1750.42
849,Yasmin,30.97,58.15,78.18,57.60,86.71,1751.87
352,Karleigh,40.49,46.05,79.67,34.66,2.41,1752.67
110,Briseis,35.38,50.66,22.40,87.74,74.16,1756.18
699,Emilia,36.89,46.12,12.17,30.65,98.51,1757.17
429,Denise,57.55,32.72,94.58,92.65,63.32,1758.88
377,Alayna,33.00,52.38,30.03,29.46,91.01,1760.10
754,Navya,44.27,42.64,35.76,97.71,8.48,1762.77
899,Alyvia,32.81,55.02,9.12,31.89,15.00,1779.04
227,Teagan,36.73,49.27,34.29,86.87,90.73,1779.07
985,Finlee,46.10,37.77,24.18,21.66,84.54,1779.50
44,Isabelle,38.29,47.64,27.54,92.43,75.28,1779.60
502,Eloise,33.69,54.88,67.19,89.31,90.16,1782.63
419,Winter,37.37,48.88,93.88,4.79,55.58,1783.39
626,Leela,32.02,55.60,55.35,16.27,75.25,1783.91
686,Kai,46.89,39.58,47.45,54.40,30.61,1784.61
814,Paige,47.25,38.35,68.32,5.29,46.46,1784.76
815,Aubrey,32.04,57.96,36.40,57.39,23.11,1786.14
349,Andrea,56.94,31.62,82.93,3.80,72.59,1786.48
927,Nadia,38.46,49.54,88.87,57.15,30.87,1789.98
677,Katalina,44.15,39.87,1.19,17.14,48.62,1790.30
167,Royalty,37.75,48.87,13.33,72.51,33.17,1791.91
3,Hattie,44.52,42.62,89.06,30.07,16.22,1794.93
10,Areli,34.51,52.47,80.61,32.42,97.91,1795.43
278,Demi,45.78,40.37,30.49,35.54,13.35,1795.50
629,Lillian,54.23,34.83,99.37,10.96,17.91,1796.71
870,Natalya,57.65,32.97,53.35,83.16,32.51,1796.92
998,Neveah,48.28,38.00,81.29,37.05,80.91,1797.00
727,Aliza,32.24,58.30,38.23,71.87,32.15,1801.73
510,Zelda,56.37,33.28,5.47,79.89,11.01,1801.92
465,Analia,46.46,41.69,86.09,83.43,36.98,1804.12
145,Esme,31.84,57.88,39.28,91.47,92.93,1805.37
325,Melody,55.18,32.73,13.43,45.64,59.94,1806.71
133,Roxanne,37.25,48.83,32.45,62.63,88.57,1812.37
408,Aliana,40.50,46.47,57.65,15.88,6.79,1815.44
485,Isis,44.24,43.86,89.35,79.03,43.95,1815.99
648,Kailani,44.89,40.87,79.70,31.14,93.57,1817.51
657,Aliyana,42.17,45.47,45.85,68.36,18.13,1821.26
492,Ariyana,35.54,50.79,72.26,6.52,98.41,1824.75
388,Carmen,57.38,33.85,95.09,38.01,17.00,1826.43
868,Sylvia,38.70,46.83,20.06,55.86,98.42,1835.12
206,Isla,41.89,44.37,25.54,87.55,90.10,1835.88
106,Zoey,31.06,57.45,16.93,1.63,77.61,1843.64
266,Quinn,53.94,36.17,37.95,95.19,29.90,1847.92
758,Kali,48.61,39.65,50.74,79.55,64.75,1861.75
652,Kamila,33.88,57.13,62.74,19.99,16.42,1869.41
158,Lilliana,41.04,47.00,5.18,98.16,43.89,1869.52
965,Tara,47.13,41.48,90.92,53.29,63.18,1873.94
915,Toni,36.74,52.15,3.34,64.98,27.09,1874.85
716,Ariadna,37.35,51.19,40.36,64.57,68.75,1875.74
58,Emmi,53.09,34.80,28.27,35.22,96.06,1879.99
109,Emilee,44.14,41.43,16.10,17.82,86.28,1880.96
763,Ansley,58.45,33.33,80.11,10.05,29.33,1887.43
209,Lillyana,46.46,40.19,32.24,4.00,58.00,1889.34
196,Leighton,40.43,45.68,3.65,3.53,55.82,1895.35
226,Kelly,41.73,47.00,82.89,15.16,34.66,1897.97
23,Diamond,34.82,56.17,14.11,65.63,24.07,1900.35
361,Jewel,48.34,41.78,25.87,97.83,5.12,1900.92
589,Elliot,57.30,34.16,67.55,86.75,98.35,1901.58
124,Julia,57.56,32.46,22.34,18.42,74.67,1902.59
907,Danna,43.26,44.18,22.24,79.79,93.24,1902.61
234,Amaria,48.37,41.32,76.50,21.45,2.32,1903.15
928,Darcy,35.90,54.91,34.80,85.22,52.76,1904.04
830,Callan,53.96,36.47,54.38,58.92,52.59,1907.44
882,Maren,35.60,54.38,75.18,44.81,92.93,1908.81
263,Kaia,49.73,39.31,25.37,86.79,71.18,1913.95
926,Dalilah,42.02,47.21,40.21,64.35,35.43,1914.71
534,Josephine,40.68,49.11,36.50,57.66,11.21,1915.06
637,Leilani,45.36,44.50,54.43,49.44,2.98,1917.45
632,Daleyza,40.44,48.89,24.44,82.65,50.97,1921.25
538,Sydney,51.37,37.30,65.31,11.58,91.18,1930.46
129,Aleyah,47.51,44.29,91.31,98.86,24.88,1939.07
949,Nyasia,36.11,53.70,74.29,6.42,81.98,1940.26
694,Cayley,54.08,37.50,45.15,68.08,25.65,1940.67
640,Austyn,42.25,46.02,11.09,2.76,10.93,1941.51
271,Harper,34.33,57.62,35.13,58.54,60.80,1945.27
698,Analise,41.66,47.51,58.25,21.03,50.84,1950.67
386,Joselyn,47.24,44.56,93.22,71.73,12.48,1952.53
144,Sariya,48.23,43.19,65.17,92.43,33.04,1958.84
614,Claire,42.60,46.48,56.66,47.21,89.88,1966.05
476,Janiya,48.61,41.64,42.65,10.12,2.48,1973.78
79,Alaya,52.76,38.76,27.69,45.96,4.81,1976.35
113,Lennon,42.49,49.24,56.89,80.12,27.65,1983.03
390,Rosalie,43.10,48.77,28.27,93.85,3.03,1983.13
85,Elora,40.66,51.78,81.63,64.08,28.46,1988.01
793,Jolie,58.92,36.52,93.51,95.24,25.56,1988.79
64,Eowyn,43.02,46.94,52.91,34.59,61.06,1992.84
441,Mckenzie,48.96,43.77,74.38,93.46,21.80,1996.98
286,Heather,41.05,50.73,77.75,47.08,41.67,1999.43
230,Aria,56.11,36.03,25.23,28.59,31.63,1999.43
115,Elise,48.85,42.63,24.65,61.32,12.25,2008.86
351,Delia,51.23,40.13,45.49,68.58,67.25,2009.47
373,Lilyana,46.50,44.47,50.33,4.06,4.81,2018.40
322,Lexi,41.84,49.90,46.51,96.76,74.73,2018.93
829,Nalah,56.83,36.06,38.86,53.55,62.21,2019.25
847,Mariah,52.17,39.80,85.79,34.97,65.56,2021.29
948,Alivia,38.92,52.67,77.36,30.08,79.70,2022.13
682,Zainab,43.29,48.88,70.58,56.26,35.69,2024.88
156,Avianna,41.01,50.86,28.81,88.63,56.81,2025.05
151,Diana,48.43,41.21,45.82,8.50,85.90,2027.68
587,Nathaly,43.94,48.16,58.31,28.88,1.97,2031.14
543,Viviana,43.71,47.04,26.00,39.89,45.20,2035.30
858,Madilyn,46.97,42.90,12.58,46.98,83.66,2039.06
309,Madeleine,35.78,59.75,85.44,75.11,77.03,2054.56
442,Lily,42.61,49.43,71.92,26.09,48.69,2056.94
898,Malia,53.89,39.12,40.22,8.81,1.39,2060.87
795,Hensley,35.58,57.18,53.45,12.46,95.26,2063.81
529,Saphira,50.94,40.39,5.29,81.74,97.64,2068.40
55,Riah,40.57,53.91,75.13,41.25,3.34,2073.77
494,Kensley,36.27,59.30,60.67,77.88,61.83,2074.16
859,Liv,58.20,36.48,62.95,42.48,63.26,2080.61
646,Kenzie,56.06,38.42,79.70,48.56,57.96,2083.31
693,Dylan,36.06,58.10,35.48,47.84,72.49,2084.35
742,Aubryn,54.66,39.88,55.44,60.03,25.99,2090.22
516,Kaiya,47.44,47.50,74.39,88.81,2.82,2092.97
513,Hope,48.83,45.03,59.99,95.91,51.26,2094.14
24,Rosemary,46.37,47.75,73.28,73.27,28.93,2096.50
214,Aya,59.15,36.08,28.86,28.70,20.92,2097.43
416,Charleigh,47.62,44.89,89.99,44.63,95.55,2098.19
570,Mavis,59.02,34.52,10.98,22.51,96.63,2100.40
221,Xiomara,39.06,55.04,86.28,8.18,46.21,2101.57
437,Amiyah,41.80,51.55,94.47,0.19,43.37,2103.55
871,Haven,58.82,35.99,1.75,75.26,66.38,2105.98
933,Ailani,55.50,38.58,50.00,9.64,27.32,2108.87
961,Guadalupe,47.52,44.98,21.61,14.67,13.55,2114.53
676,Sophia,48.23,44.55,17.33,8.55,0.37,2123.06
111,Layla,46.18,47.12,62.90,36.44,46.78,2123.48
19,Valeria,48.29,44.93,8.22,68.79,33.68,2126.66
673,Arya,54.29,38.57,48.95,12.56,94.86,2127.37
597,Aurelia,40.51,51.42,36.52,0.16,84.78,2130.97
914,Noah,56.21,37.93,20.71,25.17,46.35,2132.36
565,Kaelynn,57.25,38.08,77.61,44.27,78.79,2136.82
174,Kambree,37.30,56.91,4.09,9.25,27.53,2136.93
205,Marilyn,41.08,54.08,73.29,21.58,10.61,2137.36
635,Cali,40.52,54.50,47.72,63.30,50.64,2147.94
580,Barbara,56.43,39.34,64.72,87.14,80.91,2149.39
664,Eisabella,36.66,58.92,28.45,66.94,85.79,2150.43
617,Kadence,55.24,39.74,51.62,21.60,31.65,2153.77
569,Rylan,37.99,57.75,2.78,51.89,22.93,2162.00
658,Natalie,59.90,36.50,12.78,40.98,33.60,2166.37
605,Zinnia,42.83,52.98,20.53,89.91,7.93,2166.47
566,Brooke,54.03,41.61,77.16,46.85,53.45,2178.09
619,Teresa,51.17,42.56,28.05,46.54,82.68,2185.90
893,Malaya,51.03,43.50,43.34,32.20,45.35,2189.67
764,Siena,50.89,44.30,77.64,54.42,71.22,2193.78
525,Marbella,45.80,47.04,14.39,38.15,93.26,2195.20
295,Sunny,44.62,49.24,60.09,11.92,77.08,2202.11
594,Liliana,53.66,40.63,55.02,12.36,92.41,2205.25
700,Kairi,59.15,38.16,74.62,28.46,55.97,2209.80
523,Taya,37.17,59.93,34.24,78.75,98.25,2212.83
191,Caroline,49.93,46.32,13.08,86.94,1.14,2213.62
695,Liah,58.52,38.72,66.97,9.42,31.87,2220.95
505,Sofie,46.32,51.66,98.29,99.80,29.77,2224.30
253,Selah,47.27,47.93,68.45,46.95,96.07,2246.37
634,Malka,55.51,41.34,32.21,98.89,85.87,2249.82
61,Sienna,50.94,44.55,52.67,59.91,97.44,2254.47
662,Samaria,55.00,42.54,29.88,99.39,48.41,2258.44
834,Gracelynn,51.45,45.16,67.65,80.73,87.46,2262.70
199,Khloe,42.11,55.00,40.87,63.38,54.74,2266.63
721,Kimberly,47.49,47.48,12.36,56.44,86.12,2272.39
81,Karina,45.17,51.37,90.53,8.69,61.46,2282.66
252,Francesca,48.23,46.51,4.49,10.19,65.42,2293.83
46,Mikaela,41.05,56.40,39.83,27.31,51.45,2299.79
527,Alisson,42.66,52.86,2.30,35.52,90.46,2307.94
292,Juniper,40.70,57.60,56.63,72.58,94.76,2309.96
261,Caylee,41.12,59.71,90.77,58.43,6.31,2312.09
520,Morgan,45.57,51.19,24.65,44.36,49.93,2314.00
287,Skye,45.29,52.22,91.45,17.53,63.77,2319.84
216,Destinee,56.95,42.43,83.88,53.66,41.72,2320.19
572,Leigha,45.17,50.52,2.88,19.92,65.66,2324.84
192,Reese,44.08,54.63,40.03,55.52,13.37,2326.23
881,Dahlia,57.60,41.24,40.19,37.81,30.89,2328.48
938,Jaliyah,49.09,48.82,45.40,39.42,27.05,2338.40
338,Soraya,56.42,43.19,91.13,69.74,64.97,2340.70
680,Serenity,48.58,48.63,81.02,19.45,80.93,2342.72
235,Amaris,43.86,53.82,0.11,24.55,9.81,2345.79
98,Isabella,54.27,43.63,55.71,54.25,90.09,2348.10
68,Jada,58.00,41.61,77.56,15.77,34.45,2354.65
100,Karla,44.96,52.40,43.43,47.89,90.96,2355.42
490,Gianna,47.44,50.53,74.02,19.72,52.66,2355.99
14,Yamileth,49.16,48.24,84.56,6.56,80.97,2361.25
181,Rita,40.62,57.75,0.47,56.58,72.56,2361.57
941,Cambrie,40.70,57.78,38.50,24.71,85.53,2374.40
942,Jayda,49.11,47.23,14.17,16.60,89.66,2378.67
541,Chana,54.38,45.57,94.46,20.86,17.54,2380.25
979,Laynie,57.12,42.10,59.43,18.90,64.01,2390.07
464,Kristen,42.40,58.12,69.58,88.34,92.84,2399.08
331,Finley,51.00,48.32,43.57,93.34,81.01,2408.63
134,Mylee,47.05,53.02,76.99,29.76,28.98,2416.48
57,Dorothy,45.28,54.57,0.36,60.56,6.78,2416.81
577,Nia,58.31,41.79,41.19,31.29,54.70,2418.96
49,Miah,51.26,47.54,13.17,63.89,60.24,2420.11
259,Rosie,49.18,49.36,13.69,73.35,84.18,2424.66
187,Ryleigh,50.53,49.01,47.63,36.03,32.22,2424.66
857,Fernanda,50.77,48.93,38.01,66.53,45.77,2425.41
399,Heidi,49.51,50.49,82.60,34.75,44.97,2427.28
73,Leylani,41.53,59.06,74.98,40.54,92.27,2429.61
370,Londyn,42.95,55.97,7.29,14.62,49.29,2431.25
526,Julianna,50.49,50.48,86.39,88.43,57.73,2431.51
627,Jayla,51.38,47.66,14.18,32.66,32.98,2435.11
400,Madelyn,46.13,54.61,72.44,56.71,46.18,2436.29
720,Astrid,45.13,55.83,93.66,63.42,82.95,2445.86
182,Callie,53.19,46.14,18.97,75.97,88.35,2447.84
483,Anja,58.89,42.12,1.90,96.79,71.05,2453.17
170,Alena,51.01,47.76,17.85,51.19,94.41,2461.36
852,Selene,44.73,55.80,24.01,47.74,42.34,2466.43
179,Zoie,43.01,59.94,97.47,88.62,94.56,2486.72
711,Rebecca,55.28,46.11,32.95,76.88,52.49,2491.49
343,Aitana,52.37,47.50,56.76,3.35,72.48,2499.73
246,Eliana,48.34,52.80,70.66,3.92,23.63,2501.51
228,London,44.46,56.70,77.12,30.37,88.43,2501.70
53,Ellie,58.96,42.63,61.79,22.66,76.48,2505.30
222,Amelia,53.37,47.53,91.59,5.41,73.07,2512.72
862,Arianna,51.42,50.02,88.26,16.34,46.67,2514.15
365,Ryan,47.34,53.36,18.13,32.68,53.33,2528.72
307,Kehlani,43.51,59.11,35.76,49.40,51.15,2538.11
310,Brenna,54.43,48.59,75.60,58.21,30.17,2540.96
989,Elin,43.11,59.45,39.17,21.80,40.60,2542.62
401,Anya,45.62,55.49,46.24,6.50,94.20,2572.70
692,Erika,58.52,44.59,29.18,31.25,31.11,2579.92
555,Aliya,42.86,58.88,20.28,11.37,88.95,2580.70
921,Cordelia,46.30,57.95,34.22,60.27,4.44,2592.65
72,Yasmina,45.23,57.38,55.63,23.93,83.91,2599.41
18,Leila,58.21,46.23,82.38,30.77,27.65,2605.63
446,Devin,45.80,56.54,30.73,33.45,81.55,2606.92
902,Phoenix,50.60,51.93,12.07,86.58,82.42,2611.46
713,Mercy,55.41,47.99,90.74,27.13,73.13,2614.52
919,Paris,45.61,58.33,18.26,43.81,36.35,2634.84
663,Blake,49.37,55.57,43.25,85.02,20.59,2635.82
935,Annika,51.39,51.99,25.12,12.77,19.09,2653.25
530,Sylvie,46.65,57.46,27.74,94.40,98.48,2657.04
215,Whitney,50.73,53.26,25.41,67.72,57.59,2665.98
788,Brooklynn,52.36,52.06,63.54,1.78,12.31,2672.91
547,Alexandria,46.42,59.97,76.80,80.52,53.04,2679.56
439,Braelyn,52.60,51.93,53.21,26.58,28.44,2680.34
440,Brynlee,54.42,49.77,3.13,32.21,10.98,2684.01
420,Mackenzie,48.21,57.05,56.41,18.10,8.19,2684.37
705,Eleanor,51.70,52.54,74.38,10.69,60.54,2691.80
493,Elsie,55.38,49.36,96.13,1.79,56.75,2692.46
70,Jianna,57.44,46.09,19.73,23.29,88.91,2693.75
946,Mya,54.89,47.81,4.64,5.07,91.47,2706.13
348,Skylar,55.63,50.13,2.80,81.34,13.82,2718.39
436,Mikayla,46.41,59.92,77.23,80.71,98.41,2721.43
892,Charlie,59.18,46.14,50.41,9.50,67.76,2738.48
66,Delilah,53.64,53.09,85.87,54.14,36.11,2743.76
220,Josslyn,51.55,54.36,83.68,34.32,72.94,2756.85
638,Cora,56.35,49.84,33.27,50.07,35.01,2760.03
786,Katelyn,50.44,57.38,68.05,86.59,22.31,2761.64
478,Lydia,47.40,58.18,4.10,67.82,86.58,2772.39
623,Elliana,57.37,50.38,74.75,66.79,29.61,2778.22
166,Raven,56.94,50.65,98.08,52.07,61.46,2795.52
804,Evangeline,59.82,49.34,65.18,88.54,0.91,2798.68
347,Ashlyn,48.27,57.56,32.17,34.85,87.92,2799.49
2,Kelsey,54.27,53.16,41.65,65.81,35.59,2812.93
411,Hana,55.18,51.49,33.94,3.00,31.22,2835.40
562,Gracyn,57.71,50.79,49.06,55.49,31.69,2857.81
160,Kaylie,55.84,50.16,20.73,13.56,96.18,2862.73
17,Cherish,59.92,48.64,58.16,14.75,31.06,2872.89
190,Sawyer,55.75,52.05,13.11,73.10,69.37,2885.17
519,Poppy,52.86,56.22,69.06,23.15,18.95,2898.84
806,Maliah,59.47,50.20,37.87,38.77,1.08,2909.96
77,Joyce,52.26,57.74,43.68,96.78,34.19,2911.36
785,Carleigh,53.70,53.26,20.67,8.70,94.32,2924.80
8,Noella,54.44,54.18,31.63,40.72,49.22,2926.85
460,Kinzley,57.44,50.94,11.50,56.59,92.34,2950.17
581,Andi,55.02,54.27,20.07,90.79,82.60,2957.47
585,Mylene,51.81,58.59,12.62,80.54,60.85,3003.04
549,Helen,59.54,50.12,44.15,25.74,93.26,3007.26
821,Josie,58.64,52.64,83.13,42.93,47.28,3008.04
189,Kenzley,57.16,54.23,49.38,72.68,34.79,3012.84
839,Twyla,54.99,55.70,12.07,61.70,39.42,3028.54
810,Cecilia,59.54,53.15,94.87,55.36,19.81,3034.30
219,Carolina,57.13,53.77,2.83,63.37,30.25,3035.78
208,Micah,52.35,59.83,79.87,67.50,79.31,3063.66
840,Vera,52.93,58.71,62.42,25.26,48.19,3068.30
299,Hailey,57.77,53.57,80.53,11.27,84.77,3087.53
622,Malani,53.69,59.16,73.34,20.67,9.62,3092.04
146,Saige,55.80,56.01,26.08,99.86,99.05,3098.81
769,Rosalyn,54.30,57.52,51.54,55.58,99.54,3115.90
767,Raegan,59.67,51.88,27.01,25.28,76.71,3119.97
925,Berkley,59.95,53.33,29.05,73.28,30.16,3125.18
4,Scarlett,58.25,56.52,32.23,98.35,80.99,3242.83
535,Lili,58.06,58.73,25.40,65.56,26.71,3345.42
114,Madison,59.44,59.54,95.71,79.97,10.58,3374.02
880,Aspen,59.16,59.69,6.98,93.81,64.77,3495.22
457,Cadence,59.75,59.27,86.02,13.34,79.68,3521.69
